Transaction_ID,Timestamp,Sender,Receiver,Amount,Transaction_Fee
tx_1,2025-01-22 10:00:00,wallet_1,wallet_11,100,0.01
tx_2,2025-01-22 10:05:00,wallet_2,wallet_12,250,0.015
tx_3,2025-01-22 10:10:00,wallet_3,wallet_13,300,0.02
tx_4,2025-01-22 10:15:00,wallet_4,wallet_14,150,0.01
tx_5,2025-01-22 10:20:00,wallet_5,wallet_15,200,0.025
tx_6,2025-01-22 10:25:00,wallet_6,wallet_16,350,0.02
tx_7,2025-01-22 10:30:00,wallet_7,wallet_17,400,0.03
tx_8,2025-01-22 10:35:00,wallet_8,wallet_18,50,0.01
tx_9,2025-01-22 10:40:00,wallet_9,wallet_19,75,0.015
tx_10,2025-01-22 10:45:00,wallet_10,wallet_20,125,0.02
